               epoch,      train/box_loss,      train/obj_loss,      train/cls_loss,   metrics/precision,      metrics/recall,     metrics/mAP_0.5,metrics/mAP_0.5:0.95,        val/box_loss,        val/obj_loss,        val/cls_loss,               x/lr0,               x/lr1,               x/lr2
                   0,              0.1233,            0.030344,                   0,                   0,                   0,                   0,                   0,                   0,            0.023425,                   0,              0.0991,              0.0001,              0.0001
                   1,             0.11198,            0.030111,                   0,                   0,                   0,                   0,                   0,                   0,            0.022866,                   0,            0.097299,          0.00029901,          0.00029901
                   2,             0.11505,             0.02998,                   0,                   0,                   0,                   0,                   0,                   0,            0.022139,                   0,            0.095497,           0.0004967,           0.0004967
                   3,             0.11067,            0.031135,                   0,                   0,                   0,                   0,                   0,                   0,            0.021277,                   0,            0.093693,          0.00069307,          0.00069307
                   4,            0.099672,            0.029633,                   0,                   0,                   0,                   0,                   0,                   0,            0.020341,                   0,            0.091888,          0.00088812,          0.00088812
                   5,            0.098432,            0.029003,                   0,                   0,                   0,                   0,                   0,                   0,            0.019389,                   0,            0.090082,           0.0010819,           0.0010819
                   6,            0.094225,            0.032389,                   0,                   0,                   0,                   0,                   0,                   0,            0.018446,                   0,            0.088274,           0.0012743,           0.0012743
                   7,            0.094288,            0.029704,                   0,                   0,                   0,                   0,                   0,                   0,            0.017497,                   0,            0.086465,           0.0014653,           0.0014653
                   8,            0.085511,            0.026204,                   0,                   0,                   0,                   0,                   0,                   0,            0.016921,                   0,            0.084655,           0.0016551,           0.0016551
                   9,            0.067375,             0.02462,                   0,                   0,                   0,                   0,                   0,                   0,             0.01628,                   0,            0.082844,           0.0018436,           0.0018436
                  10,            0.087574,             0.02978,                   0,                   0,                   0,                   0,                   0,                   0,            0.015714,                   0,            0.081031,           0.0020307,           0.0020307
                  11,            0.065502,            0.028175,                   0,                   0,                   0,                   0,                   0,                   0,            0.015093,                   0,            0.079217,           0.0022165,           0.0022165
                  12,            0.080563,             0.02874,                   0,                   0,                   0,                   0,                   0,                   0,            0.014519,                   0,            0.077401,            0.002401,            0.002401
                  13,            0.081553,            0.027901,                   0,                   0,                   0,                   0,                   0,                   0,            0.013917,                   0,            0.075584,           0.0025842,           0.0025842
                  14,            0.085071,            0.032342,                   0,                   0,                   0,                   0,                   0,                   0,            0.013217,                   0,            0.073766,            0.002766,            0.002766
                  15,            0.079009,            0.026238,                   0,                   0,                   0,                   0,                   0,                   0,            0.012464,                   0,            0.071947,           0.0029465,           0.0029465
                  16,              0.0774,            0.030135,                   0,                   0,                   0,                   0,                   0,                   0,            0.011955,                   0,            0.070126,           0.0031258,           0.0031258
                  17,            0.069069,            0.026071,                   0,                   0,                   0,                   0,                   0,                   0,            0.011478,                   0,            0.068304,           0.0033037,           0.0033037
                  18,            0.066722,            0.024177,                   0,                   0,                   0,                   0,                   0,                   0,            0.011074,                   0,             0.06648,           0.0034802,           0.0034802
                  19,            0.074063,             0.02504,                   0,                   0,                   0,                   0,                   0,                   0,            0.010698,                   0,            0.064655,           0.0036555,           0.0036555
                  20,            0.073833,            0.026221,                   0,                   0,                   0,                   0,                   0,                   0,            0.010327,                   0,            0.062829,           0.0038294,           0.0038294
                  21,            0.066722,            0.021318,                   0,                   0,                   0,                   0,                   0,                   0,           0.0099948,                   0,            0.061002,            0.004002,            0.004002
                  22,            0.063292,            0.021977,                   0,                   0,                   0,                   0,                   0,                   0,           0.0097203,                   0,            0.059173,           0.0041733,           0.0041733
                  23,            0.066523,            0.026134,                   0,                   0,                   0,                   0,                   0,                   0,           0.0094909,                   0,            0.057343,           0.0043433,           0.0043433
                  24,            0.065949,            0.024977,                   0,                   0,                   0,                   0,                   0,                   0,           0.0094113,                   0,            0.055512,           0.0045119,           0.0045119
                  25,            0.057361,            0.018228,                   0,                   0,                   0,                   0,                   0,                   0,           0.0089997,                   0,            0.053679,           0.0046793,           0.0046793
                  26,            0.073903,            0.018656,                   0,                   0,                   0,                   0,                   0,                   0,           0.0085596,                   0,            0.051845,           0.0048453,           0.0048453
                  27,            0.063991,              0.0258,                   0,                   0,                   0,                   0,                   0,                   0,           0.0085596,                   0,             0.05001,             0.00501,             0.00501
                  28,            0.063999,            0.024359,                   0,                   0,                   0,                   0,                   0,                   0,           0.0081039,                   0,            0.048173,           0.0051733,           0.0051733
                  29,            0.072147,            0.027434,                   0,                   0,                   0,                   0,                   0,                   0,           0.0077258,                   0,            0.046335,           0.0053354,           0.0053354
                  30,            0.067768,            0.020677,                   0,                   0,                   0,                   0,                   0,                   0,           0.0077258,                   0,            0.044496,           0.0054961,           0.0054961
                  31,            0.072699,            0.024234,                   0,                   0,                   0,                   0,                   0,                   0,           0.0074198,                   0,            0.042656,           0.0056555,           0.0056555
                  32,            0.065608,            0.022464,                   0,                   0,                   0,                   0,                   0,                   0,           0.0070396,                   0,            0.040814,           0.0058136,           0.0058136
                  33,            0.063828,            0.023147,                   0,                   0,                   0,                   0,                   0,                   0,           0.0070396,                   0,             0.03897,           0.0059704,           0.0059704
                  34,            0.058281,            0.024923,                   0,                   0,                   0,                   0,                   0,                   0,            0.006819,                   0,            0.037126,           0.0061258,           0.0061258
                  35,            0.060164,            0.019985,                   0,                   0,                   0,                   0,                   0,                   0,           0.0063562,                   0,             0.03528,             0.00628,             0.00628
                  36,            0.057076,            0.016515,                   0,                   0,                   0,                   0,                   0,                   0,           0.0063562,                   0,            0.033433,           0.0064328,           0.0064328
                  37,            0.063491,            0.018348,                   0,                   0,                   0,                   0,                   0,                   0,           0.0060734,                   0,            0.031584,           0.0065842,           0.0065842
                  38,            0.068514,            0.018723,                   0,                   0,                   0,                   0,                   0,                   0,           0.0056941,                   0,            0.029734,           0.0067344,           0.0067344
                  39,            0.062353,            0.022844,                   0,                   0,                   0,                   0,                   0,                   0,           0.0056941,                   0,            0.027883,           0.0068833,           0.0068833
                  40,            0.061713,             0.02479,                   0,                   0,                   0,                   0,                   0,                   0,           0.0053962,                   0,            0.026031,           0.0070308,           0.0070308
                  41,            0.059925,            0.026592,                   0,                   0,                   0,                   0,                   0,                   0,           0.0051906,                   0,            0.024177,            0.007177,            0.007177
                  42,            0.056446,            0.027882,                   0,                   0,                   0,                   0,                   0,                   0,           0.0051906,                   0,            0.022322,           0.0073219,           0.0073219
                  43,            0.054104,            0.020868,                   0,                   0,                   0,                   0,                   0,                   0,           0.0049075,                   0,            0.020465,           0.0074655,           0.0074655
                  44,            0.053645,            0.017468,                   0,                   0,                   0,                   0,                   0,                   0,           0.0049075,                   0,            0.018608,           0.0076077,           0.0076077
                  45,            0.065959,             0.02052,                   0,                   0,                   0,                   0,                   0,                   0,           0.0046574,                   0,            0.016749,           0.0077486,           0.0077486
                  46,            0.057115,            0.023511,                   0,                   0,                   0,                   0,                   0,                   0,           0.0046574,                   0,            0.014888,           0.0078883,           0.0078883
                  47,            0.054493,            0.020975,                   0,                   0,                   0,                   0,                   0,                   0,            0.004421,                   0,            0.013027,           0.0080266,           0.0080266
                  48,             0.05847,             0.01813,                   0,                   0,                   0,                   0,                   0,                   0,            0.004421,                   0,            0.011164,           0.0081635,           0.0081635
                  49,            0.052263,            0.016279,                   0,                   0,                   0,                   0,                   0,                   0,           0.0039742,                   0,           0.0092992,           0.0082992,           0.0082992
                  50,            0.062861,            0.019518,                   0,                   0,                   0,                   0,                   0,                   0,           0.0039742,                   0,             0.00835,             0.00835,             0.00835
                  51,            0.060505,            0.017091,                   0,                   0,                   0,                   0,                   0,                   0,           0.0037263,                   0,             0.00835,             0.00835,             0.00835
                  52,            0.062402,             0.02162,                   0,                   0,                   0,                   0,                   0,                   0,           0.0037263,                   0,            0.008317,            0.008317,            0.008317
                  53,            0.053543,            0.013842,                   0,                   0,                   0,                   0,                   0,                   0,           0.0034385,                   0,            0.008284,            0.008284,            0.008284
                  54,            0.062501,            0.020996,                   0,                   0,                   0,                   0,                   0,                   0,           0.0034385,                   0,            0.008251,            0.008251,            0.008251
                  55,            0.061181,            0.020781,                   0,                   0,                   0,                   0,                   0,                   0,           0.0033165,                   0,            0.008218,            0.008218,            0.008218
                  56,            0.046566,            0.019467,                   0,                   0,                   0,                   0,                   0,                   0,           0.0033165,                   0,            0.008185,            0.008185,            0.008185
                  57,            0.048732,            0.021427,                   0,                   0,                   0,                   0,                   0,                   0,           0.0032392,                   0,            0.008152,            0.008152,            0.008152
                  58,             0.05616,            0.019136,                   0,                   0,                   0,                   0,                   0,                   0,           0.0032392,                   0,            0.008119,            0.008119,            0.008119
                  59,            0.056848,            0.016179,                   0,                   0,                   0,                   0,                   0,                   0,           0.0032306,                   0,            0.008086,            0.008086,            0.008086
                  60,            0.040559,            0.017728,                   0,                   0,                   0,                   0,                   0,                   0,           0.0032306,                   0,            0.008053,            0.008053,            0.008053
                  61,            0.051538,            0.023801,                   0,                   0,                   0,                   0,                   0,                   0,           0.0032508,                   0,             0.00802,             0.00802,             0.00802
                  62,            0.045183,            0.016968,                   0,                   0,                   0,                   0,                   0,                   0,           0.0032508,                   0,            0.007987,            0.007987,            0.007987
                  63,            0.046773,            0.027227,                   0,                   0,                   0,                   0,                   0,                   0,           0.0033301,                   0,            0.007954,            0.007954,            0.007954
                  64,            0.049245,            0.027493,                   0,                   0,                   0,                   0,                   0,                   0,           0.0033301,                   0,            0.007921,            0.007921,            0.007921
                  65,             0.04481,            0.022174,                   0,                   0,                   0,                   0,                   0,                   0,           0.0032002,                   0,            0.007888,            0.007888,            0.007888
                  66,            0.044238,            0.017552,                   0,                   0,                   0,                   0,                   0,                   0,           0.0032002,                   0,            0.007855,            0.007855,            0.007855
                  67,            0.044188,            0.018637,                   0,                   0,                   0,                   0,                   0,                   0,           0.0034145,                   0,            0.007822,            0.007822,            0.007822
                  68,            0.049144,            0.017659,                   0,                   0,                   0,                   0,                   0,                   0,           0.0034145,                   0,            0.007789,            0.007789,            0.007789
                  69,            0.046056,            0.014413,                   0,                   0,                   0,                   0,                   0,                   0,           0.0032994,                   0,            0.007756,            0.007756,            0.007756
                  70,            0.057571,            0.016194,                   0,                   0,                   0,                   0,                   0,                   0,           0.0032994,                   0,            0.007723,            0.007723,            0.007723
                  71,            0.051804,            0.013559,                   0,                   0,                   0,                   0,                   0,                   0,           0.0036166,                   0,             0.00769,             0.00769,             0.00769
                  72,            0.055041,            0.015941,                   0,                   0,                   0,                   0,                   0,                   0,           0.0036166,                   0,            0.007657,            0.007657,            0.007657
                  73,            0.048891,            0.015668,                   0,                   0,                   0,                   0,                   0,                   0,           0.0033693,                   0,            0.007624,            0.007624,            0.007624
                  74,            0.047748,            0.019328,                   0,                   0,                   0,                   0,                   0,                   0,           0.0033693,                   0,            0.007591,            0.007591,            0.007591
                  75,            0.046167,             0.01658,                   0,                   0,                   0,                   0,                   0,                   0,           0.0033033,                   0,            0.007558,            0.007558,            0.007558
                  76,            0.047757,             0.01463,                   0,                   0,                   0,                   0,                   0,                   0,           0.0033033,                   0,            0.007525,            0.007525,            0.007525
                  77,            0.040058,            0.017267,                   0,                   0,                   0,                   0,                   0,                   0,           0.0034121,                   0,            0.007492,            0.007492,            0.007492
                  78,            0.051238,            0.018276,                   0,                   0,                   0,                   0,                   0,                   0,           0.0034121,                   0,            0.007459,            0.007459,            0.007459
                  79,            0.051619,             0.01939,                   0,                   0,                   0,                   0,                   0,                   0,           0.0032977,                   0,            0.007426,            0.007426,            0.007426
                  80,            0.042782,            0.016399,                   0,                   0,                   0,                   0,                   0,                   0,           0.0032977,                   0,            0.007393,            0.007393,            0.007393
                  81,            0.044389,              0.0172,                   0,                   0,                   0,                   0,                   0,                   0,           0.0032797,                   0,             0.00736,             0.00736,             0.00736
                  82,            0.046057,            0.014776,                   0,                   0,                   0,                   0,                   0,                   0,           0.0032797,                   0,            0.007327,            0.007327,            0.007327
                  83,            0.041332,            0.013965,                   0,                   0,                   0,                   0,                   0,                   0,           0.0034569,                   0,            0.007294,            0.007294,            0.007294
                  84,            0.050699,            0.014909,                   0,                   0,                   0,                   0,                   0,                   0,           0.0034569,                   0,            0.007261,            0.007261,            0.007261
                  85,            0.044114,            0.014888,                   0,                   0,                   0,                   0,                   0,                   0,           0.0033563,                   0,            0.007228,            0.007228,            0.007228
                  86,            0.046146,            0.015533,                   0,                   0,                   0,                   0,                   0,                   0,           0.0033563,                   0,            0.007195,            0.007195,            0.007195
                  87,            0.041496,            0.012173,                   0,                   0,                   0,                   0,                   0,                   0,           0.0032666,                   0,            0.007162,            0.007162,            0.007162
                  88,            0.052477,            0.015818,                   0,                   0,                   0,                   0,                   0,                   0,           0.0032666,                   0,            0.007129,            0.007129,            0.007129
                  89,            0.048399,            0.014901,                   0,                   0,                   0,                   0,                   0,                   0,           0.0029352,                   0,            0.007096,            0.007096,            0.007096
                  90,             0.04467,            0.011861,                   0,                   0,                   0,                   0,                   0,                   0,           0.0029352,                   0,            0.007063,            0.007063,            0.007063
                  91,            0.045441,             0.01327,                   0,                   0,                   0,                   0,                   0,                   0,           0.0030308,                   0,             0.00703,             0.00703,             0.00703
                  92,            0.040907,             0.02072,                   0,                   0,                   0,                   0,                   0,                   0,           0.0030308,                   0,            0.006997,            0.006997,            0.006997
                  93,            0.045702,             0.01766,                   0,                   0,                   0,                   0,                   0,                   0,           0.0030249,                   0,            0.006964,            0.006964,            0.006964
                  94,              0.0316,            0.012299,                   0,                   0,                   0,                   0,                   0,                   0,           0.0030249,                   0,            0.006931,            0.006931,            0.006931
                  95,            0.031517,            0.010017,                   0,                   0,                   0,                   0,                   0,                   0,           0.0032238,                   0,            0.006898,            0.006898,            0.006898
                  96,            0.047388,            0.017381,                   0,                   0,                   0,                   0,                   0,                   0,           0.0032238,                   0,            0.006865,            0.006865,            0.006865
                  97,            0.039922,            0.011516,                   0,                   0,                   0,                   0,                   0,                   0,           0.0030359,                   0,            0.006832,            0.006832,            0.006832
                  98,            0.036035,            0.014553,                   0,                   0,                   0,                   0,                   0,                   0,           0.0030359,                   0,            0.006799,            0.006799,            0.006799
                  99,            0.036519,              0.0133,                   0,                   0,                   0,                   0,                   0,                   0,           0.0032276,                   0,            0.006766,            0.006766,            0.006766
                 100,            0.032935,            0.011845,                   0,                   0,                   0,                   0,                   0,                   0,           0.0032276,                   0,            0.006733,            0.006733,            0.006733
                 101,            0.039646,           0.0090897,                   0,                   0,                   0,                   0,                   0,                   0,           0.0030767,                   0,              0.0067,              0.0067,              0.0067
                 102,            0.033845,            0.015289,                   0,                   0,                   0,                   0,                   0,                   0,           0.0030767,                   0,            0.006667,            0.006667,            0.006667
                 103,            0.039842,            0.014201,                   0,                   0,                   0,                   0,                   0,                   0,           0.0031192,                   0,            0.006634,            0.006634,            0.006634
                 104,            0.031045,             0.01551,                   0,                   0,                   0,                   0,                   0,                   0,           0.0031192,                   0,            0.006601,            0.006601,            0.006601
                 105,            0.032988,            0.014052,                   0,                   0,                   0,                   0,                   0,                   0,           0.0032212,                   0,            0.006568,            0.006568,            0.006568
                 106,            0.040915,            0.010451,                   0,                   0,                   0,                   0,                   0,                   0,           0.0032212,                   0,            0.006535,            0.006535,            0.006535
                 107,            0.035594,            0.013354,                   0,                   0,                   0,                   0,                   0,                   0,           0.0035241,                   0,            0.006502,            0.006502,            0.006502
                 108,             0.03861,           0.0094952,                   0,                   0,                   0,                   0,                   0,                   0,           0.0035241,                   0,            0.006469,            0.006469,            0.006469
                 109,            0.036494,            0.011632,                   0,                   0,                   0,                   0,                   0,                   0,           0.0034719,                   0,            0.006436,            0.006436,            0.006436
                 110,            0.046124,            0.011279,                   0,                   0,                   0,                   0,                   0,                   0,           0.0034719,                   0,            0.006403,            0.006403,            0.006403
                 111,            0.038072,            0.010346,                   0,                   0,                   0,                   0,                   0,                   0,           0.0035677,                   0,             0.00637,             0.00637,             0.00637
                 112,            0.027877,            0.010236,                   0,                   0,                   0,                   0,                   0,                   0,           0.0035677,                   0,            0.006337,            0.006337,            0.006337
                 113,            0.032553,            0.012144,                   0,                   0,                   0,                   0,                   0,                   0,           0.0036684,                   0,            0.006304,            0.006304,            0.006304
                 114,            0.037375,            0.014136,                   0,                   0,                   0,                   0,                   0,                   0,           0.0036684,                   0,            0.006271,            0.006271,            0.006271
                 115,             0.03636,            0.015155,                   0,                   0,                   0,                   0,                   0,                   0,           0.0039209,                   0,            0.006238,            0.006238,            0.006238
                 116,            0.035252,           0.0088696,                   0,                   0,                   0,                   0,                   0,                   0,           0.0039209,                   0,            0.006205,            0.006205,            0.006205
                 117,            0.042853,            0.017151,                   0,                   0,                   0,                   0,                   0,                   0,           0.0039848,                   0,            0.006172,            0.006172,            0.006172
                 118,            0.033015,            0.012246,                   0,                   0,                   0,                   0,                   0,                   0,           0.0039848,                   0,            0.006139,            0.006139,            0.006139
                 119,            0.032925,            0.012786,                   0,                   0,                   0,                   0,                   0,                   0,            0.004271,                   0,            0.006106,            0.006106,            0.006106
                 120,            0.030222,            0.013247,                   0,                   0,                   0,                   0,                   0,                   0,            0.004271,                   0,            0.006073,            0.006073,            0.006073
                 121,             0.03162,            0.012279,                   0,                   0,                   0,                   0,                   0,                   0,           0.0042928,                   0,             0.00604,             0.00604,             0.00604
                 122,            0.032744,            0.010218,                   0,                   0,                   0,                   0,                   0,                   0,           0.0042928,                   0,            0.006007,            0.006007,            0.006007
                 123,            0.036599,            0.013536,                   0,                   0,                   0,                   0,                   0,                   0,           0.0043924,                   0,            0.005974,            0.005974,            0.005974
                 124,            0.029317,            0.014353,                   0,                   0,                   0,                   0,                   0,                   0,           0.0043924,                   0,            0.005941,            0.005941,            0.005941
                 125,            0.029278,             0.01172,                   0,                   0,                   0,                   0,                   0,                   0,           0.0043721,                   0,            0.005908,            0.005908,            0.005908
                 126,            0.031665,            0.011088,                   0,                   0,                   0,                   0,                   0,                   0,           0.0043721,                   0,            0.005875,            0.005875,            0.005875
                 127,            0.029927,            0.011541,                   0,                   0,                   0,                   0,                   0,                   0,           0.0045712,                   0,            0.005842,            0.005842,            0.005842
                 128,             0.03595,            0.011598,                   0,                   0,                   0,                   0,                   0,                   0,           0.0045712,                   0,            0.005809,            0.005809,            0.005809
                 129,             0.03581,            0.011486,                   0,                   0,                   0,                   0,                   0,                   0,           0.0043505,                   0,            0.005776,            0.005776,            0.005776
                 130,            0.042749,            0.012122,                   0,                   0,                   0,                   0,                   0,                   0,           0.0043505,                   0,            0.005743,            0.005743,            0.005743
                 131,            0.049022,             0.01418,                   0,                   0,                   0,                   0,                   0,                   0,           0.0045092,                   0,             0.00571,             0.00571,             0.00571
                 132,            0.036996,           0.0091655,                   0,                   0,                   0,                   0,                   0,                   0,           0.0045092,                   0,            0.005677,            0.005677,            0.005677
                 133,             0.03373,            0.010561,                   0,                   0,                   0,                   0,                   0,                   0,           0.0042454,                   0,            0.005644,            0.005644,            0.005644
                 134,            0.029033,            0.010767,                   0,                   0,                   0,                   0,                   0,                   0,           0.0042454,                   0,            0.005611,            0.005611,            0.005611
                 135,            0.030609,            0.010115,                   0,                   0,                   0,                   0,                   0,                   0,           0.0048504,                   0,            0.005578,            0.005578,            0.005578
                 136,            0.035988,            0.012817,                   0,                   0,                   0,                   0,                   0,                   0,           0.0048504,                   0,            0.005545,            0.005545,            0.005545
                 137,            0.027031,           0.0085557,                   0,                   0,                   0,                   0,                   0,                   0,           0.0043863,                   0,            0.005512,            0.005512,            0.005512
                 138,            0.033966,            0.010448,                   0,                   0,                   0,                   0,                   0,                   0,           0.0043863,                   0,            0.005479,            0.005479,            0.005479
                 139,            0.033348,           0.0087953,                   0,                   0,                   0,                   0,                   0,                   0,           0.0045037,                   0,            0.005446,            0.005446,            0.005446
                 140,             0.02946,           0.0078608,                   0,                   0,                   0,                   0,                   0,                   0,           0.0045037,                   0,            0.005413,            0.005413,            0.005413
                 141,            0.029826,           0.0073823,                   0,                   0,                   0,                   0,                   0,                   0,           0.0045296,                   0,             0.00538,             0.00538,             0.00538
                 142,            0.036668,           0.0094224,                   0,                   0,                   0,                   0,                   0,                   0,           0.0045296,                   0,            0.005347,            0.005347,            0.005347
                 143,            0.036074,            0.012471,                   0,                   0,                   0,                   0,                   0,                   0,           0.0044967,                   0,            0.005314,            0.005314,            0.005314
                 144,            0.025725,           0.0082725,                   0,                   0,                   0,                   0,                   0,                   0,           0.0044967,                   0,            0.005281,            0.005281,            0.005281
                 145,            0.030789,            0.013886,                   0,                   0,                   0,                   0,                   0,                   0,           0.0047742,                   0,            0.005248,            0.005248,            0.005248
                 146,            0.030348,            0.010712,                   0,                   0,                   0,                   0,                   0,                   0,           0.0047742,                   0,            0.005215,            0.005215,            0.005215
                 147,            0.031091,            0.009545,                   0,                   0,                   0,                   0,                   0,                   0,           0.0047786,                   0,            0.005182,            0.005182,            0.005182
                 148,            0.027352,           0.0081217,                   0,                   0,                   0,                   0,                   0,                   0,           0.0047786,                   0,            0.005149,            0.005149,            0.005149
                 149,            0.027498,            0.011092,                   0,                   0,                   0,                   0,                   0,                   0,           0.0050317,                   0,            0.005116,            0.005116,            0.005116
                 150,            0.045245,           0.0066413,                   0,                   0,                   0,                   0,                   0,                   0,           0.0050317,                   0,            0.005083,            0.005083,            0.005083
                 151,            0.046107,            0.008951,                   0,                   0,                   0,                   0,                   0,                   0,           0.0042732,                   0,             0.00505,             0.00505,             0.00505
                 152,            0.024126,            0.008163,                   0,                   0,                   0,                   0,                   0,                   0,           0.0042732,                   0,            0.005017,            0.005017,            0.005017
                 153,            0.028474,           0.0093096,                   0,                   0,                   0,                   0,                   0,                   0,           0.0041438,                   0,            0.004984,            0.004984,            0.004984
                 154,            0.032533,            0.011725,                   0,                   0,                   0,                   0,                   0,                   0,           0.0041438,                   0,            0.004951,            0.004951,            0.004951
                 155,            0.028313,            0.010922,                   0,                   0,                   0,                   0,                   0,                   0,           0.0042716,                   0,            0.004918,            0.004918,            0.004918
                 156,            0.029193,            0.010511,                   0,                   0,                   0,                   0,                   0,                   0,           0.0042716,                   0,            0.004885,            0.004885,            0.004885
                 157,            0.029114,           0.0098146,                   0,                   0,                   0,                   0,                   0,                   0,           0.0041918,                   0,            0.004852,            0.004852,            0.004852
                 158,            0.026163,           0.0097757,                   0,                   0,                   0,                   0,                   0,                   0,           0.0041918,                   0,            0.004819,            0.004819,            0.004819
                 159,            0.026611,           0.0082917,                   0,                   0,                   0,                   0,                   0,                   0,           0.0042375,                   0,            0.004786,            0.004786,            0.004786
                 160,            0.026964,           0.0080439,                   0,                   0,                   0,                   0,                   0,                   0,           0.0042375,                   0,            0.004753,            0.004753,            0.004753
                 161,            0.029346,           0.0089159,                   0,                   0,                   0,                   0,                   0,                   0,           0.0045402,                   0,             0.00472,             0.00472,             0.00472
                 162,            0.026238,           0.0077196,                   0,                   0,                   0,                   0,                   0,                   0,           0.0045402,                   0,            0.004687,            0.004687,            0.004687
                 163,            0.026722,           0.0073846,                   0,                   0,                   0,                   0,                   0,                   0,           0.0049752,                   0,            0.004654,            0.004654,            0.004654
                 164,            0.027836,           0.0086434,                   0,                   0,                   0,                   0,                   0,                   0,           0.0049752,                   0,            0.004621,            0.004621,            0.004621
                 165,            0.026307,           0.0085806,                   0,                   0,                   0,                   0,                   0,                   0,           0.0048063,                   0,            0.004588,            0.004588,            0.004588
                 166,            0.029309,            0.011123,                   0,                   0,                   0,                   0,                   0,                   0,           0.0048063,                   0,            0.004555,            0.004555,            0.004555
                 167,            0.027919,           0.0070083,                   0,                   0,                   0,                   0,                   0,                   0,           0.0051095,                   0,            0.004522,            0.004522,            0.004522
                 168,             0.02673,           0.0071172,                   0,                   0,                   0,                   0,                   0,                   0,           0.0051095,                   0,            0.004489,            0.004489,            0.004489
                 169,            0.026328,           0.0084243,                   0,                   0,                   0,                   0,                   0,                   0,           0.0050386,                   0,            0.004456,            0.004456,            0.004456
                 170,            0.032185,           0.0095984,                   0,                   0,                   0,                   0,                   0,                   0,           0.0050386,                   0,            0.004423,            0.004423,            0.004423
                 171,            0.030354,             0.00967,                   0,                   0,                   0,                   0,                   0,                   0,           0.0051485,                   0,             0.00439,             0.00439,             0.00439
                 172,            0.029546,            0.010041,                   0,                   0,                   0,                   0,                   0,                   0,           0.0051485,                   0,            0.004357,            0.004357,            0.004357
                 173,             0.02564,            0.011129,                   0,                   0,                   0,                   0,                   0,                   0,           0.0049013,                   0,            0.004324,            0.004324,            0.004324
                 174,            0.022449,           0.0080892,                   0,                   0,                   0,                   0,                   0,                   0,           0.0049013,                   0,            0.004291,            0.004291,            0.004291
                 175,            0.029336,           0.0087656,                   0,                   0,                   0,                   0,                   0,                   0,           0.0049373,                   0,            0.004258,            0.004258,            0.004258
                 176,            0.033354,           0.0079919,                   0,                   0,                   0,                   0,                   0,                   0,           0.0049373,                   0,            0.004225,            0.004225,            0.004225
                 177,            0.029925,            0.010436,                   0,                   0,                   0,                   0,                   0,                   0,           0.0047854,                   0,            0.004192,            0.004192,            0.004192
                 178,            0.026538,            0.012559,                   0,                   0,                   0,                   0,                   0,                   0,           0.0047854,                   0,            0.004159,            0.004159,            0.004159
                 179,            0.022586,           0.0096186,                   0,                   0,                   0,                   0,                   0,                   0,           0.0049356,                   0,            0.004126,            0.004126,            0.004126
                 180,            0.024423,           0.0073554,                   0,                   0,                   0,                   0,                   0,                   0,           0.0049356,                   0,            0.004093,            0.004093,            0.004093
                 181,            0.022763,            0.010036,                   0,                   0,                   0,                   0,                   0,                   0,            0.005099,                   0,             0.00406,             0.00406,             0.00406
                 182,            0.027091,           0.0095086,                   0,                   0,                   0,                   0,                   0,                   0,            0.005099,                   0,            0.004027,            0.004027,            0.004027
                 183,            0.026315,           0.0094816,                   0,                   0,                   0,                   0,                   0,                   0,           0.0050492,                   0,            0.003994,            0.003994,            0.003994
                 184,            0.027232,            0.010812,                   0,                   0,                   0,                   0,                   0,                   0,           0.0050492,                   0,            0.003961,            0.003961,            0.003961
                 185,            0.024949,            0.010453,                   0,                   0,                   0,                   0,                   0,                   0,           0.0052194,                   0,            0.003928,            0.003928,            0.003928
                 186,            0.022759,           0.0096317,                   0,                   0,                   0,                   0,                   0,                   0,           0.0052194,                   0,            0.003895,            0.003895,            0.003895
                 187,            0.028159,           0.0075114,                   0,                   0,                   0,                   0,                   0,                   0,           0.0049824,                   0,            0.003862,            0.003862,            0.003862
                 188,            0.028383,           0.0080459,                   0,                   0,                   0,                   0,                   0,                   0,           0.0049824,                   0,            0.003829,            0.003829,            0.003829
                 189,            0.028679,            0.010679,                   0,                   0,                   0,                   0,                   0,                   0,           0.0048964,                   0,            0.003796,            0.003796,            0.003796
                 190,            0.020293,           0.0081205,                   0,                   0,                   0,                   0,                   0,                   0,           0.0048964,                   0,            0.003763,            0.003763,            0.003763
                 191,             0.02746,           0.0078735,                   0,                   0,                   0,                   0,                   0,                   0,           0.0046489,                   0,             0.00373,             0.00373,             0.00373
                 192,            0.028675,           0.0076249,                   0,                   0,                   0,                   0,                   0,                   0,           0.0046489,                   0,            0.003697,            0.003697,            0.003697
                 193,            0.025325,           0.0090627,                   0,                   0,                   0,                   0,                   0,                   0,           0.0046071,                   0,            0.003664,            0.003664,            0.003664
                 194,             0.02675,           0.0080158,                   0,                   0,                   0,                   0,                   0,                   0,           0.0046071,                   0,            0.003631,            0.003631,            0.003631
                 195,             0.02907,           0.0077674,                   0,                   0,                   0,                   0,                   0,                   0,            0.004209,                   0,            0.003598,            0.003598,            0.003598
                 196,             0.02502,            0.010636,                   0,                   0,                   0,                   0,                   0,                   0,            0.004209,                   0,            0.003565,            0.003565,            0.003565
                 197,            0.023385,           0.0087012,                   0,                   0,                   0,                   0,                   0,                   0,            0.004104,                   0,            0.003532,            0.003532,            0.003532
                 198,            0.021176,           0.0086732,                   0,                   0,                   0,                   0,                   0,                   0,            0.004104,                   0,            0.003499,            0.003499,            0.003499
                 199,            0.020563,           0.0061161,                   0,                   0,                   0,                   0,                   0,                   0,            0.004041,                   0,            0.003466,            0.003466,            0.003466
                 200,            0.027855,           0.0092045,                   0,                   0,                   0,                   0,                   0,                   0,            0.004041,                   0,            0.003433,            0.003433,            0.003433
                 201,            0.019973,           0.0072479,                   0,                   0,                   0,                   0,                   0,                   0,           0.0041507,                   0,              0.0034,              0.0034,              0.0034
                 202,            0.028397,           0.0098956,                   0,                   0,                   0,                   0,                   0,                   0,           0.0041507,                   0,            0.003367,            0.003367,            0.003367
                 203,            0.028577,           0.0084864,                   0,                   0,                   0,                   0,                   0,                   0,           0.0041081,                   0,            0.003334,            0.003334,            0.003334
                 204,            0.022791,           0.0096902,                   0,                   0,                   0,                   0,                   0,                   0,           0.0041081,                   0,            0.003301,            0.003301,            0.003301
                 205,            0.023607,             0.00769,                   0,                   0,                   0,                   0,                   0,                   0,           0.0042604,                   0,            0.003268,            0.003268,            0.003268
                 206,            0.025809,           0.0077012,                   0,                   0,                   0,                   0,                   0,                   0,           0.0042604,                   0,            0.003235,            0.003235,            0.003235
                 207,            0.030387,            0.010171,                   0,                   0,                   0,                   0,                   0,                   0,           0.0043271,                   0,            0.003202,            0.003202,            0.003202
                 208,            0.018359,           0.0076537,                   0,                   0,                   0,                   0,                   0,                   0,           0.0043271,                   0,            0.003169,            0.003169,            0.003169
                 209,            0.019899,           0.0068702,                   0,                   0,                   0,                   0,                   0,                   0,           0.0044264,                   0,            0.003136,            0.003136,            0.003136
                 210,            0.024463,           0.0089664,                   0,                   0,                   0,                   0,                   0,                   0,           0.0044264,                   0,            0.003103,            0.003103,            0.003103
                 211,             0.02216,           0.0064187,                   0,                   0,                   0,                   0,                   0,                   0,           0.0046293,                   0,             0.00307,             0.00307,             0.00307
                 212,            0.022103,           0.0086042,                   0,                   0,                   0,                   0,                   0,                   0,           0.0046293,                   0,            0.003037,            0.003037,            0.003037
                 213,            0.022904,            0.007089,                   0,                   0,                   0,                   0,                   0,                   0,           0.0045983,                   0,            0.003004,            0.003004,            0.003004
                 214,            0.022543,           0.0088353,                   0,                   0,                   0,                   0,                   0,                   0,           0.0045983,                   0,            0.002971,            0.002971,            0.002971
                 215,             0.01892,           0.0082651,                   0,                   0,                   0,                   0,                   0,                   0,           0.0047621,                   0,            0.002938,            0.002938,            0.002938
                 216,            0.021323,           0.0081222,                   0,                   0,                   0,                   0,                   0,                   0,           0.0047621,                   0,            0.002905,            0.002905,            0.002905
                 217,            0.023095,            0.009271,                   0,                   0,                   0,                   0,                   0,                   0,           0.0048772,                   0,            0.002872,            0.002872,            0.002872
                 218,            0.020447,           0.0092604,                   0,                   0,                   0,                   0,                   0,                   0,           0.0048772,                   0,            0.002839,            0.002839,            0.002839
                 219,            0.021368,           0.0097833,                   0,                   0,                   0,                   0,                   0,                   0,           0.0048718,                   0,            0.002806,            0.002806,            0.002806
                 220,            0.018756,           0.0053054,                   0,                   0,                   0,                   0,                   0,                   0,           0.0048718,                   0,            0.002773,            0.002773,            0.002773
                 221,            0.018061,           0.0091852,                   0,                   0,                   0,                   0,                   0,                   0,           0.0049591,                   0,             0.00274,             0.00274,             0.00274
                 222,            0.025267,           0.0072829,                   0,                   0,                   0,                   0,                   0,                   0,           0.0049591,                   0,            0.002707,            0.002707,            0.002707
                 223,            0.019638,           0.0085206,                   0,                   0,                   0,                   0,                   0,                   0,           0.0049847,                   0,            0.002674,            0.002674,            0.002674
                 224,             0.01835,           0.0062039,                   0,                   0,                   0,                   0,                   0,                   0,           0.0049847,                   0,            0.002641,            0.002641,            0.002641
                 225,            0.022045,            0.006133,                   0,                   0,                   0,                   0,                   0,                   0,           0.0048053,                   0,            0.002608,            0.002608,            0.002608
                 226,            0.025509,           0.0087114,                   0,                   0,                   0,                   0,                   0,                   0,           0.0048053,                   0,            0.002575,            0.002575,            0.002575
                 227,            0.021719,           0.0071092,                   0,                   0,                   0,                   0,                   0,                   0,           0.0047426,                   0,            0.002542,            0.002542,            0.002542
                 228,            0.020675,           0.0086966,                   0,                   0,                   0,                   0,                   0,                   0,           0.0047426,                   0,            0.002509,            0.002509,            0.002509
                 229,            0.018544,           0.0073939,                   0,                   0,                   0,                   0,                   0,                   0,           0.0048687,                   0,            0.002476,            0.002476,            0.002476
                 230,            0.019593,             0.01156,                   0,                   0,                   0,                   0,                   0,                   0,           0.0048687,                   0,            0.002443,            0.002443,            0.002443
                 231,            0.024283,            0.005993,                   0,                   0,                   0,                   0,                   0,                   0,           0.0050299,                   0,             0.00241,             0.00241,             0.00241
                 232,            0.017707,           0.0089234,                   0,                   0,                   0,                   0,                   0,                   0,           0.0050299,                   0,            0.002377,            0.002377,            0.002377
                 233,            0.018037,           0.0064493,                   0,                   0,                   0,                   0,                   0,                   0,           0.0050404,                   0,            0.002344,            0.002344,            0.002344
                 234,            0.024204,           0.0089546,                   0,                   0,                   0,                   0,                   0,                   0,           0.0050404,                   0,            0.002311,            0.002311,            0.002311
                 235,            0.015455,           0.0058648,                   0,                   0,                   0,                   0,                   0,                   0,           0.0052904,                   0,            0.002278,            0.002278,            0.002278
                 236,            0.020415,           0.0075281,                   0,                   0,                   0,                   0,                   0,                   0,           0.0052904,                   0,            0.002245,            0.002245,            0.002245
                 237,            0.020859,           0.0095075,                   0,                   0,                   0,                   0,                   0,                   0,            0.005234,                   0,            0.002212,            0.002212,            0.002212
                 238,            0.019667,           0.0098016,                   0,                   0,                   0,                   0,                   0,                   0,            0.005234,                   0,            0.002179,            0.002179,            0.002179
                 239,            0.017629,             0.00838,                   0,                   0,                   0,                   0,                   0,                   0,            0.005337,                   0,            0.002146,            0.002146,            0.002146
                 240,            0.019576,           0.0078584,                   0,                   0,                   0,                   0,                   0,                   0,            0.005337,                   0,            0.002113,            0.002113,            0.002113
                 241,            0.020618,           0.0065228,                   0,                   0,                   0,                   0,                   0,                   0,           0.0052258,                   0,             0.00208,             0.00208,             0.00208
                 242,            0.022195,           0.0084253,                   0,                   0,                   0,                   0,                   0,                   0,           0.0052258,                   0,            0.002047,            0.002047,            0.002047
                 243,            0.020577,            0.010759,                   0,                   0,                   0,                   0,                   0,                   0,           0.0052194,                   0,            0.002014,            0.002014,            0.002014
                 244,            0.020225,           0.0068494,                   0,                   0,                   0,                   0,                   0,                   0,           0.0052194,                   0,            0.001981,            0.001981,            0.001981
                 245,            0.018559,           0.0049014,                   0,                   0,                   0,                   0,                   0,                   0,           0.0052096,                   0,            0.001948,            0.001948,            0.001948
                 246,            0.020589,            0.012281,                   0,                   0,                   0,                   0,                   0,                   0,           0.0052096,                   0,            0.001915,            0.001915,            0.001915
                 247,            0.019477,           0.0074909,                   0,                   0,                   0,                   0,                   0,                   0,           0.0052493,                   0,            0.001882,            0.001882,            0.001882
                 248,            0.014608,           0.0060359,                   0,                   0,                   0,                   0,                   0,                   0,           0.0052493,                   0,            0.001849,            0.001849,            0.001849
                 249,            0.017526,           0.0078584,                   0,                   0,                   0,                   0,                   0,                   0,            0.005232,                   0,            0.001816,            0.001816,            0.001816
                 250,            0.021228,           0.0086264,                   0,                   0,                   0,                   0,                   0,                   0,            0.005232,                   0,            0.001783,            0.001783,            0.001783
                 251,            0.016397,           0.0071189,                   0,                   0,                   0,                   0,                   0,                   0,           0.0052341,                   0,             0.00175,             0.00175,             0.00175
                 252,            0.019054,           0.0072759,                   0,                   0,                   0,                   0,                   0,                   0,           0.0052341,                   0,            0.001717,            0.001717,            0.001717
                 253,            0.016885,           0.0053027,                   0,                   0,                   0,                   0,                   0,                   0,           0.0051278,                   0,            0.001684,            0.001684,            0.001684
                 254,            0.017342,           0.0074692,                   0,                   0,                   0,                   0,                   0,                   0,           0.0051278,                   0,            0.001651,            0.001651,            0.001651
                 255,            0.014808,            0.005716,                   0,                   0,                   0,                   0,                   0,                   0,           0.0051282,                   0,            0.001618,            0.001618,            0.001618
                 256,            0.016895,           0.0056546,                   0,                   0,                   0,                   0,                   0,                   0,           0.0051282,                   0,            0.001585,            0.001585,            0.001585
                 257,            0.016781,           0.0062435,                   0,                   0,                   0,                   0,                   0,                   0,           0.0051605,                   0,            0.001552,            0.001552,            0.001552
                 258,            0.022832,           0.0061061,                   0,                   0,                   0,                   0,                   0,                   0,           0.0051605,                   0,            0.001519,            0.001519,            0.001519
                 259,            0.016635,           0.0074318,                   0,                   0,                   0,                   0,                   0,                   0,            0.005101,                   0,            0.001486,            0.001486,            0.001486
                 260,            0.015702,           0.0055362,                   0,                   0,                   0,                   0,                   0,                   0,            0.005101,                   0,            0.001453,            0.001453,            0.001453
                 261,            0.016874,           0.0058733,                   0,                   0,                   0,                   0,                   0,                   0,           0.0051701,                   0,             0.00142,             0.00142,             0.00142
                 262,            0.017324,           0.0060905,                   0,                   0,                   0,                   0,                   0,                   0,           0.0051701,                   0,            0.001387,            0.001387,            0.001387
                 263,            0.015864,           0.0069031,                   0,                   0,                   0,                   0,                   0,                   0,           0.0052264,                   0,            0.001354,            0.001354,            0.001354
                 264,            0.019533,           0.0068987,                   0,                   0,                   0,                   0,                   0,                   0,           0.0052264,                   0,            0.001321,            0.001321,            0.001321
                 265,            0.019496,           0.0069806,                   0,                   0,                   0,                   0,                   0,                   0,           0.0052673,                   0,            0.001288,            0.001288,            0.001288
                 266,            0.017073,           0.0079005,                   0,                   0,                   0,                   0,                   0,                   0,           0.0052673,                   0,            0.001255,            0.001255,            0.001255
                 267,            0.019024,           0.0080683,                   0,                   0,                   0,                   0,                   0,                   0,           0.0053202,                   0,            0.001222,            0.001222,            0.001222
                 268,            0.015932,            0.007208,                   0,                   0,                   0,                   0,                   0,                   0,           0.0053202,                   0,            0.001189,            0.001189,            0.001189
                 269,            0.014796,           0.0068842,                   0,                   0,                   0,                   0,                   0,                   0,           0.0053339,                   0,            0.001156,            0.001156,            0.001156
                 270,            0.015582,           0.0062918,                   0,                   0,                   0,                   0,                   0,                   0,           0.0053339,                   0,            0.001123,            0.001123,            0.001123
                 271,            0.017394,            0.008307,                   0,                   0,                   0,                   0,                   0,                   0,           0.0053681,                   0,             0.00109,             0.00109,             0.00109
                 272,             0.01808,           0.0074227,                   0,                   0,                   0,                   0,                   0,                   0,           0.0053681,                   0,            0.001057,            0.001057,            0.001057
                 273,            0.017087,           0.0048168,                   0,                   0,                   0,                   0,                   0,                   0,            0.005408,                   0,            0.001024,            0.001024,            0.001024
                 274,            0.016904,           0.0073861,                   0,                   0,                   0,                   0,                   0,                   0,            0.005408,                   0,            0.000991,            0.000991,            0.000991
                 275,            0.013546,           0.0056575,                   0,                   0,                   0,                   0,                   0,                   0,           0.0054798,                   0,            0.000958,            0.000958,            0.000958
                 276,            0.016339,           0.0057345,                   0,                   0,                   0,                   0,                   0,                   0,           0.0054798,                   0,            0.000925,            0.000925,            0.000925
                 277,            0.019569,            0.005549,                   0,                   0,                   0,                   0,                   0,                   0,           0.0055281,                   0,            0.000892,            0.000892,            0.000892
                 278,            0.016785,           0.0078361,                   0,                   0,                   0,                   0,                   0,                   0,           0.0055281,                   0,            0.000859,            0.000859,            0.000859
                 279,             0.01357,            0.006489,                   0,                   0,                   0,                   0,                   0,                   0,           0.0056104,                   0,            0.000826,            0.000826,            0.000826
                 280,            0.017821,           0.0070553,                   0,                   0,                   0,                   0,                   0,                   0,           0.0056104,                   0,            0.000793,            0.000793,            0.000793
                 281,            0.018496,           0.0075059,                   0,                   0,                   0,                   0,                   0,                   0,           0.0056928,                   0,             0.00076,             0.00076,             0.00076
                 282,            0.013554,           0.0063294,                   0,                   0,                   0,                   0,                   0,                   0,           0.0056928,                   0,            0.000727,            0.000727,            0.000727
                 283,            0.014821,           0.0067243,                   0,                   0,                   0,                   0,                   0,                   0,           0.0057472,                   0,            0.000694,            0.000694,            0.000694
                 284,            0.016267,           0.0075416,                   0,                   0,                   0,                   0,                   0,                   0,           0.0057472,                   0,            0.000661,            0.000661,            0.000661
                 285,            0.017463,           0.0063922,                   0,                   0,                   0,                   0,                   0,                   0,            0.005792,                   0,            0.000628,            0.000628,            0.000628
                 286,            0.015638,           0.0063247,                   0,                   0,                   0,                   0,                   0,                   0,            0.005792,                   0,            0.000595,            0.000595,            0.000595
                 287,            0.014453,           0.0056902,                   0,                   0,                   0,                   0,                   0,                   0,           0.0058192,                   0,            0.000562,            0.000562,            0.000562
                 288,            0.015057,            0.007148,                   0,                   0,                   0,                   0,                   0,                   0,           0.0058192,                   0,            0.000529,            0.000529,            0.000529
                 289,           0.0099461,           0.0040263,                   0,                   0,                   0,                   0,                   0,                   0,            0.005827,                   0,            0.000496,            0.000496,            0.000496
                 290,            0.017389,            0.008234,                   0,                   0,                   0,                   0,                   0,                   0,            0.005827,                   0,            0.000463,            0.000463,            0.000463
                 291,             0.01423,           0.0069236,                   0,                   0,                   0,                   0,                   0,                   0,           0.0058581,                   0,             0.00043,             0.00043,             0.00043
                 292,            0.016742,           0.0068085,                   0,                   0,                   0,                   0,                   0,                   0,           0.0058581,                   0,            0.000397,            0.000397,            0.000397
                 293,            0.016276,           0.0094816,                   0,                   0,                   0,                   0,                   0,                   0,           0.0058781,                   0,            0.000364,            0.000364,            0.000364
                 294,            0.012722,           0.0048987,                   0,                   0,                   0,                   0,                   0,                   0,           0.0058781,                   0,            0.000331,            0.000331,            0.000331
                 295,            0.016868,           0.0057758,                   0,                   0,                   0,                   0,                   0,                   0,           0.0058849,                   0,            0.000298,            0.000298,            0.000298
                 296,            0.016949,           0.0071875,                   0,                   0,                   0,                   0,                   0,                   0,           0.0058849,                   0,            0.000265,            0.000265,            0.000265
                 297,            0.013504,           0.0059208,                   0,                   0,                   0,                   0,                   0,                   0,           0.0058735,                   0,            0.000232,            0.000232,            0.000232
                 298,            0.015277,           0.0074445,                   0,                   0,                   0,                   0,                   0,                   0,           0.0058735,                   0,            0.000199,            0.000199,            0.000199
                 299,            0.015938,           0.0049801,                   0,                   0,                   0,                   0,                   0,                   0,           0.0059118,                   0,            0.000166,            0.000166,            0.000166
